title,score,author,comments
I dialed 100 for the first time! Here's what happened!,781,Realistic-Maize-4524,39
‘War crime’: Iran alleges US strike targeted India-bound humanitarian aircraft at Mashhad International Airport | World News,746,esporx,32
‘Kalkaji temple among targets’: LeT man Shabbir Ahmed Lone’s arrest exposes Kolkata base set up for Delhi attacks,504,God_Emperor__Doom,51
Canada approved 98% of Indian student visas despite fraud flags: Report,422,weallfalldown1234,31
CPGRAMS works,381,Adventurous_Baby8136,47
PM Modi inaugurates Kayne semiconductor plant in Gujarat,349,Alpheno,71
"Mohammed Zubair Says X Posts Blocked in India After Govt Order; Meta Restricts Molitics, National Dastak Pages",302,NotHereToLove,8
Dr Nimo Yadav account blocked on orders of MEITY for portraying PM Modi in bad taste: X to Delhi High Court,272,Griezzyy,37
"Forced into marriage at 15, given triple-talaq twice: UP woman gang-raped under 'halala' pretence; husband held | Delhi News",254,STEM_Always,30
"MakeMyTrip: How India’s Largest Travel Platform Openly Defies Regulators, Scams Customers, And Pads Profits Through Accounting Tricks",243,polopiko,13
BEWARE: Kotak 811 froze my funds during a medical emergency. Here is how I fought to get it unfrozen,101,Raul_xi,15
Centre proposes to scrutinise online news content even without complaint,79,morose_coder,11
"Back home from hospital, Ghaziabad YouTuber attacked in office gets police cover | Ghaziabad News",71,Helpful-Respond1025,3
Some states misusing OBC quota by including Muslims: Rajya Sabha MP K Laxman,70,Raj_Valiant3011,9
“Why Ignore Hindutva Extremism?” Ruhullah Mehdi Targets Govt in Parliament,63,NotHereToLove,8
What is your opinion on Chiraiya?,35,AntWorth7600,45
"Love, lies, and a chilling confession: Navy havildar in Vizag kills girlfriend, stores body in fridge",33,Beginning-Passion676,2
Heads up — term life insurance won't pay out if you're in a war zone,31,Few_Preparation284,1
BJP trying to change West Bengal’s demography via voter rolls: Abhishek Banerjee,30,morose_coder,1
Taking down social media posts that are critical of Indian government in the name of deepfakes and the New IT Rules Second Amendment 2026,24,grewprasad,3
India's Aviation Revolution: The Rise of Dual-Airport Systems in Delhi and Mumbai,19,VCardBGone,6
Conditions of the cleanest city of Uttar Pradesh..,18,DesperateSprinkles89,13
The long game behind BJP govt rethink on women’s quota: What comes next?,18,SquashClassic8920,6
Kerala Assembly polls 2026 | Congress leader Rahul Gandhi claims BJP’s 'hidden hands' behind LDF in Kerala,19,Helpful-Respond1025,4
"Blocked, Sued, Silenced: Controlling Dissent in India",17,joy74,2
Behind the Cow-Urine Test: Uttarakhand Temples as Hindutva’s New Lab,12,SoftRequirement8756,5
Breaking: RAJ HC advocates against the recent transgender bill,12,Doin_Yo-Mum,3
"Surrender, eliminate, develop: Fall of the Red Corridor, ending 6 decades of Maoist insurgency",8,sherlock31,0
"How IIT Bombay's Jairam Ramesh, Nandan Nilekani swept DU's fest season in 1974",8,bhodrolok,3
25m and completely lost . Can anyone help with this.,10,Ok_Art8761,9
10 Films Linked to BJP-RSS? Hidden Network Behind Propaganda Movies Exposed | The Quint,5,TheIndianRevolution2,0
Problem-solvers instead of questions of power: The flaws in India’s public policy education,6,Beginning-Passion676,1
Anyone else struggling to track UPI spending with so many small transactions?,4,king_ramsess,26
"Built a cashback website with my team — need 
brutal honest feedback before we waste more time on it",2,Appropriate_Rich_937,1
Fund Raiser For Cancer Medications!,2,Sokomon03,0
Madurai-1945,2,superpowerpinger,0
"Built a cashback website with my team — need 
brutal honest feedback before we waste more time on it",1,Appropriate_Rich_937,0
"SAP QM Consultant (MBA) | 3.75 YOE | Facing the ""90-Day Notice"" Wall - Looking for Referrals/Leads",1,WideText5759,0
"Registrar General and Census Commissioner of India addresses Press Conference on Census-2027, in New Delhi today",1,Thin_Fruit8775,0
Amity Online MBA is much worse than expected (Long),1,rottenaam,0
Amazon service is wrost,1,aaluwithattitude,4
Centre eyes new regulation to cover social media users,1,Beginning-Passion676,1
